Domain,Top 1 Soft Skill,Top 2 Soft Skill,Top 3 Soft Skill,Top 4 Soft Skill,Top 5 Soft Skill,Top 6 Soft Skill,Top 7 Soft Skill,Top 8 Soft Skill,Top 9 Soft Skill,Top 10 Soft Skill
Other,Positivity,Communications,Research,Management,Writing,Presentations,Collaboration,Professionalism,Scheduling,Planning
Data Governance Analyst,Positivity,Management,Communications,Collaboration,Operations,Governance,Planning,Presentations,Innovation,Integration
Data Engineers,Positivity,Collaboration,Communications,Management,Planning,Integration,Operations,Innovation,Writing,Verbal Communication Skills
BI Data Analysts,Positivity,Communications,Collaboration,Management,Planning,Presentations,Decisiveness,Operations,Innovation,Integration
Marketing Data Analysts,Positivity,Sales,Communications,Collaboration,Management,Presentations,Operations,Planning,Decisiveness,Innovation
Healthcare Data Analysts,Positivity,Communications,Planning,Management,Collaboration,Operations,Presentations,Research,Innovation,Leadership
Operations Data Analysts,Operations,Positivity,Communications,Management,Collaboration,Presentations,Planning,Decisiveness,Innovation,Professionalism
Technical Data Analysts,Positivity,Communications,Management,Collaboration,Presentations,Planning,Writing,Verbal Communication Skills,Integration,Innovation
Financial Data Analysts,Positivity,Management,Communications,Operations,Collaboration,Presentations,Planning,Professionalism,Decisiveness,Innovation
Data Scientists,Research,Positivity,Communications,Collaboration,Presentations,Management,Operations,Innovation,Planning,Decisiveness
Business Data Analysts,Positivity,Management,Communications,Collaboration,Operations,Planning,Innovation,Presentations,Research,Decisiveness
GIS Data Analysts,Positivity,Communications,Planning,Collaboration,Operations,Management,Professionalism,Research,Presentations,Innovation
Risk Analysts,Positivity,Communications,Management,Collaboration,Planning,Presentations,Research,Innovation,Investigation,Decisiveness
Excel expert,Positivity,Communications,Management,Collaboration,Verbal Communication Skills,Presentations,Writing,Spreadsheets,Research,Microsoft Excel
Google Analytics expert,Communications,Positivity,Collaboration,Presentations,Management,Planning,Decisiveness,Integration,Operations,Verbal Communication Skills
Qualitative Data Analysts,Positivity,Communications,Research,Management,Presentations,Collaboration,Innovation,Planning,Operations,Consulting
HR Data Analysts,Positivity,Communications,Management,Operations,Collaboration,Planning,Research,Presentations,Professionalism,Consulting
Supply Chain Data Analysts,Positivity,Operations,Communications,Planning,Management,Collaboration,Innovation,Presentations,Decisiveness,Integration
Quality Data Analysts,Positivity,Communications,Collaboration,Management,Planning,Operations,Presentations,Integration,Hospitality,Problem Solving
